{
    "name": "Grape Skin",
    "devices": [
        {
            "device": "iPhone16,2",
            "alpha": 1,
            "buttons": [
                {
                    "x": 75,
                    "height": 55,
                    "y": 700,
                    "width": 55,
                    "type": "dpadUp"
                },
                {
                    "y": 800,
                    "width": 55,
                    "height": 55,
                    "x": 75,
                    "type": "dpadDown"
                },
                {
                    "y": 750,
                    "height": 55,
                    "x": 25,
                    "width": 55,
                    "type": "dpadLeft"
                },
                {
                    "width": 55,
                    "x": 125,
                    "type": "dpadRight",
                    "height": 55,
                    "y": 750
                },
                {
                    "width": 55,
                    "y": 695,
                    "height": 55,
                    "x": 300,
                    "type": "north"
                },
                {
                    "height": 55,
                    "y": 750,
                    "x": 355,
                    "width": 55,
                    "type": "east"
                },
                {
                    "type": "south",
                    "width": 55,
                    "x": 300,
                    "y": 805,
                    "height": 55
                },
                {
                    "width": 55,
                    "x": 245,
                    "y": 750,
                    "height": 55,
                    "type": "west"
                },
                {
                    "width": 80,
                    "y": 877,
                    "height": 55,
                    "x": 0,
                    "type": "l"
                },
                {
                    "y": 877,
                    "width": 80,
                    "type": "r",
                    "height": 55,
                    "x": 350
                }
            ],
            "thumbsticks": [],
            "orientation": "portrait",
            "backgroundImageName": "Background_Portrait.png",
            "screens": [
                {
                    "height": 285,
                    "cornerRadius": 0,
                    "x": 26,
                    "width": 378,
                    "y": 55
                },
                {
                    "x": 26,
                    "cornerRadius": 0,
                    "width": 378,
                    "height": 285,
                    "y": 355
                }
            ]
        },
        {
            "device": "iPhone16,1",
            "alpha": 1,
            "buttons": [
                {
                    "x": 70,
                    "height": 50,
                    "y": 640,
                    "width": 50,
                    "type": "dpadUp"
                },
                {
                    "y": 730,
                    "width": 50,
                    "height": 50,
                    "x": 70,
                    "type": "dpadDown"
                },
                {
                    "y": 685,
                    "height": 50,
                    "x": 25,
                    "width": 50,
                    "type": "dpadLeft"
                },
                {
                    "width": 50,
                    "x": 115,
                    "type": "dpadRight",
                    "height": 50,
                    "y": 685
                },
                {
                    "width": 50,
                    "y": 635,
                    "height": 50,
                    "x": 275,
                    "type": "north"
                },
                {
                    "height": 50,
                    "y": 685,
                    "x": 325,
                    "width": 50,
                    "type": "east"
                },
                {
                    "type": "south",
                    "width": 50,
                    "x": 275,
                    "y": 735,
                    "height": 50
                },
                {
                    "width": 50,
                    "x": 225,
                    "y": 685,
                    "height": 50,
                    "type": "west"
                },
                {
                    "width": 70,
                    "y": 802,
                    "height": 50,
                    "x": 0,
                    "type": "l"
                },
                {
                    "y": 802,
                    "width": 70,
                    "type": "r",
                    "height": 50,
                    "x": 323
                }
            ],
            "thumbsticks": [],
            "orientation": "portrait",
            "backgroundImageName": "Background_Portrait.png",
            "screens": [
                {
                    "height": 260,
                    "cornerRadius": 0,
                    "x": 24,
                    "width": 346,
                    "y": 52
                },
                {
                    "x": 24,
                    "cornerRadius": 0,
                    "width": 346,
                    "height": 260,
                    "y": 325
                }
            ]
        },
        {
            "device": "iPhone15,5",
            "alpha": 1,
            "buttons": [
                {
                    "x": 75,
                    "height": 55,
                    "y": 700,
                    "width": 55,
                    "type": "dpadUp"
                },
                {
                    "y": 800,
                    "width": 55,
                    "height": 55,
                    "x": 75,
                    "type": "dpadDown"
                },
                {
                    "y": 750,
                    "height": 55,
                    "x": 25,
                    "width": 55,
                    "type": "dpadLeft"
                },
                {
                    "width": 55,
                    "x": 125,
                    "type": "dpadRight",
                    "height": 55,
                    "y": 750
                },
                {
                    "width": 55,
                    "y": 695,
                    "height": 55,
                    "x": 300,
                    "type": "north"
                },
                {
                    "height": 55,
                    "y": 750,
                    "x": 355,
                    "width": 55,
                    "type": "east"
                },
                {
                    "type": "south",
                    "width": 55,
                    "x": 300,
                    "y": 805,
                    "height": 55
                },
                {
                    "width": 55,
                    "x": 245,
                    "y": 750,
                    "height": 55,
                    "type": "west"
                },
                {
                    "width": 80,
                    "y": 877,
                    "height": 55,
                    "x": 0,
                    "type": "l"
                },
                {
                    "y": 877,
                    "width": 80,
                    "type": "r",
                    "height": 55,
                    "x": 350
                }
            ],
            "thumbsticks": [],
            "orientation": "portrait",
            "backgroundImageName": "Background_Portrait.png",
            "screens": [
                {
                    "height": 285,
                    "cornerRadius": 0,
                    "x": 26,
                    "width": 378,
                    "y": 55
                },
                {
                    "x": 26,
                    "cornerRadius": 0,
                    "width": 378,
                    "height": 285,
                    "y": 355
                }
            ]
        },
        {
            "device": "iPhone15,4",
            "alpha": 1,
            "buttons": [
                {
                    "x": 70,
                    "height": 50,
                    "y": 640,
                    "width": 50,
                    "type": "dpadUp"
                },
                {
                    "y": 730,
                    "width": 50,
                    "height": 50,
                    "x": 70,
                    "type": "dpadDown"
                },
                {
                    "y": 685,
                    "height": 50,
                    "x": 25,
                    "width": 50,
                    "type": "dpadLeft"
                },
                {
                    "width": 50,
                    "x": 115,
                    "type": "dpadRight",
                    "height": 50,
                    "y": 685
                },
                {
                    "width": 50,
                    "y": 635,
                    "height": 50,
                    "x": 275,
                    "type": "north"
                },
                {
                    "height": 50,
                    "y": 685,
                    "x": 325,
                    "width": 50,
                    "type": "east"
                },
                {
                    "type": "south",
                    "width": 50,
                    "x": 275,
                    "y": 735,
                    "height": 50
                },
                {
                    "width": 50,
                    "x": 225,
                    "y": 685,
                    "height": 50,
                    "type": "west"
                },
                {
                    "width": 70,
                    "y": 802,
                    "height": 50,
                    "x": 0,
                    "type": "l"
                },
                {
                    "y": 802,
                    "width": 70,
                    "type": "r",
                    "height": 50,
                    "x": 323
                }
            ],
            "thumbsticks": [],
            "orientation": "portrait",
            "backgroundImageName": "Background_Portrait.png",
            "screens": [
                {
                    "height": 260,
                    "cornerRadius": 0,
                    "x": 24,
                    "width": 346,
                    "y": 52
                },
                {
                    "x": 24,
                    "cornerRadius": 0,
                    "width": 346,
                    "height": 260,
                    "y": 325
                }
            ]
        }
    ],
    "core": "Grape",
    "author": "mtcbx",
    "description": "Default skin for Nintendo DS",
    "socials": [
        "https://reddit.com/u/mtcbx_",
        "https://twitter.com/mtcbx"
    ]
}
